Percent,HEX
0,#e5b2b2
1,#e5b5b2
2,#e5b8b2
3,#e5bbb2
4,#e5beb2
5,#e5c1b2
6,#e5c4b2
7,#e5c7b2
8,#e5cab2
9,#e5cdb2
10,#e5d0b2
11,#e5d3b2
12,#e5d6b2
13,#e5d9b2
14,#e5dcb2
15,#e5dfb2
16,#e5e2b2
17,#e4e5b2
18,#e1e5b2
19,#dee5b2
20,#dbe5b2
21,#d8e5b2
22,#d5e5b2
23,#d2e5b2
24,#cfe5b2
25,#cce5b2
26,#c9e5b2
27,#c6e5b2
28,#c3e5b2
29,#c0e5b2
30,#bde5b2
31,#bae5b2
32,#b7e5b2
33,#b4e5b2
34,#b2e5b3
35,#b2e5b6
36,#b2e5b9
37,#b2e5bc
38,#b2e5bf
39,#b2e5c2
40,#b2e5c5
41,#b2e5c8
42,#b2e5cb
43,#b2e5ce
44,#b2e5d1
45,#b2e5d4
46,#b2e5d7
47,#b2e5da
48,#b2e5dd
49,#b2e5e0
50,#b2e5e3
51,#b2e3e5
52,#b2e0e5
53,#b2dde5
54,#b2dae5
55,#b2d7e5
56,#b2d4e5
57,#b2d1e5
58,#b2cee5
59,#b2cbe5
60,#b2c8e5
61,#b2c5e5
62,#b2c2e5
63,#b2bfe5
64,#b2bce5
65,#b2b9e5
66,#b2b6e5
67,#b2b3e5
68,#b4b2e5
69,#b7b2e5
70,#bab2e5
71,#bdb2e5
72,#c0b2e5
73,#c3b2e5
74,#c6b2e5
75,#c9b2e5
76,#ccb2e5
77,#cfb2e5
78,#d2b2e5
79,#d5b2e5
80,#d8b2e5
81,#dbb2e5
82,#deb2e5
83,#e1b2e5
84,#e4b2e5
85,#e5b2e2
86,#e5b2df
87,#e5b2dc
88,#e5b2d9
89,#e5b2d6
90,#e5b2d3
91,#e5b2d0
92,#e5b2cd
93,#e5b2ca
94,#e5b2c7
95,#e5b2c4
96,#e5b2c1
97,#e5b2be
98,#e5b2bb
99,#e5b2b8
100,#e5b2b5
