Percent,HEX,Rhythm 
0,#00bfff,Perto=Globen÷neo-noir÷reel
1,#05c1f5,Waterfront÷statue_garden
2,#0ac4eb,Evergreen÷side-by-side_sofa
3,#0fc6e0,Cozy_lounge_chair÷mini-game
4,#14c9d6,Espresso_house÷board_game
5,#19cbcc,Alleyway÷camouflage÷clock
6,#1ecec2,Game_shop÷divination÷art
7,#23d0b8,Dice_game÷two_heads÷quiz
8,#28d3ad,Shifting_colors÷gif÷reel
9,#2dd5a3,Jeran=Puzzle÷labyrinth÷joke
10,#32d799,Art_workshop÷community
11,#37da8f,Park_bench÷sunrise÷wildlife
12,#3cdc85,Botanical_garden÷flower_tours
13,#40df7a,Shooting_star÷side-by-side 
14,#45e170,Plaza÷nightlife÷fireworks
15,#4ae466,Twilight÷underground_party
16,#4fe65c,DH=Harvesting_year÷recap_reel
17,#54e852,Ihwaz=Notice÷cinematic_tone
18,#59eb47,Compliment÷builds_intrigue
19,#5eed3d,Pacing_hint÷foreshadows_kiss
20,#63f033,U_mysterious÷sharing_secrets
21,#68f229,Warmth_framing÷nostalgic_but
22,#6df51f,Cliffhanger_joy÷sets_the_scene
23,#72f714,Go-to_creative_outlet÷ux_hooks
24,#77fa0a,Make_her_anticipate_ur_moves
25,#7cfc00,Might_be_promise÷future_hint
26,#81fb00,Laguz=Awe_with_my_q÷kino_cue
27,#86f900,Edge_challenge÷truth-or-dare
28,#8cf800,Unique_twist_to_this_evening
29,#91f600,U_not_ready_for_pretty_part
30,#96f500,Story_that_works_if_ur_close
31,#9bf300,Kiss÷u_have_taste_and_ur_sexy
32,#a1f200,Fun_part_next_ur_call÷or-awe
33,#a6f000,NH=Drop_me_DM÷reassure_her
34,#abef00,Dagaz=Notion_dashboard 
35,#b0ed00,Workflow_automation
36,#b6ec00,UX_research
37,#bbea00,User_journey_mapping
38,#c0e900,Figma_wireframes
39,#c5e700,Prototyping_interactive
40,#cbe600,MVP_design=Yatzy
41,#d0e400,Task_management_templates
42,#d5e300,Othala=Custom_database
43,#dae100,Collaboration_workflow
44,#e0e000,UX_audit
45,#e5de00,Visual_roadmap
46,#eadd00,Wireflow_creation
47,#efdb00,UX_microcopy
48,#f5da00,Clickable_prototypes
49,#fad800,Plugin_integration
50,#ffd700,HN=Gamified_concepts
51,#ffd100,Sowelo=Spa_suite÷offer_robe
52,#ffcb00,Preview_to_the_real_unwind
53,#ffc500,Slow_towel_handoff÷pacing
54,#ffc000,Drink÷favorite_scent÷guess
55,#ffba00,Massage_her_while_waiting
56,#ffb400,U_very_hot÷grab÷spank÷wink
57,#ffae00,Shared_towel_wrap÷h2h_close
58,#ffa800,Looking_around÷silent_comfort
59,#ffa200,Bath÷sauna÷caressing÷banter
60,#ff9d00,Raido=Safari_tent÷offer_gear
61,#ff9700,Wait_until_u_see_this_vantage
62,#ff9100,Hand_holding÷signature_drink
63,#ff8b00,Massage÷looking_via_scope
64,#ff8500,Validation÷kiss÷grab÷spank
65,#ff7f00,Blanket÷poncho÷whisper÷sky
66,#ff7a00,In_starlight_by_the_fireplace
67,#ff7400,CN=Cuddling÷sleeping÷cab
68,#ff6e00,Mannaz=Nodding÷all_are_heard
69,#ff6800,Gesture_and_continue_ur_point
70,#ff6200,Humor_diffuser÷3rd_wheel
71,#ff5c00,Repeat_ur_point_briefly 
72,#ff5700,Rhetorical_q_to_re-engage 
73,#ff5100,Slow_speech_with_pauses 
74,#ff4b00,Inclusive_anecdote÷gift_hook
75,#ff4500,Name_that_behavior
76,#fa4206,Death_stare_at_interrupter
77,#f63f0b,Naudiz=Gaze÷reinforce_allies
78,#f13d11,Gesture-to-regain-attention
79,#ec3a16,Validate_input_from_interrupt
80,#e8371c,Satire÷diffuse_minor_tension
81,#e33421,Ask_opinion_from_silent_member
82,#df3227,Wrap-up_point_and_move_on
83,#da2f2c,Ask_for_activity_from_an_ally
84,#d52c32,NC=Clap÷hand_sweep÷dare
85,#d12938,Ansuz=Curious_story_phrase
86,#cc273d,Prime_this_moment_as_sitcom
87,#c72443,Workflows_as_animals÷memes
88,#c32148,U_be_wizard_with_this_wand
89,#be1e4e,Personal_PAR_behind_the_wand
90,#b91c53,Behaviors_to_systems÷sitcom
91,#b51959,Turned_out_to_be_magical
92,#b0165f,Anyone_else_website_look_like
93,#ab1364,Isa=Disarm_tech_anxiety
94,#a7116a,Remind_me_to_show_you
95,#a20e6f,Supercharge_how_you_track
96,#9e0b75,Tie_back_to_earlier_pet_joke
97,#99087a,Picture_us_x_time_from_now
98,#940680,Doesn't_feel_like_unpaid_work
99,#900385,Anyway_I_share_the_link_later
100,#8b008b,ND=Remember_when_I_said
